suburb,postcode,local_density_score,neighbor_density_score,latitude,longitude
ABBOTSFORD,3067,133,83.69117647,-37.803515,144.998203
ABECKETT STREET,8006,4.5,86.54060914,-37.8097006,144.9593062
AINTREE,3336,85,93.62376238,-37.719,144.6684
ALBERT PARK,3206,3.5,83.1875,-37.846534,144.95086
ALMURTA,3979,93.5,61.93333333,-38.44818,145.591284
ALPHINGTON,3078,160,84.32692308,-37.778298,145.025853
ALTONA,3018,109.5,75.203125,-37.86172,144.812736
ALTONA NORTH,3025,133,77.53636364,-37.835562,144.839704
AMHERST,3371,95.5,132.5625,-37.196938,143.635622
AMOR,3825,48,39.63636364,-37.978862,146.342932
AMPHITHEATRE,3377,141.5,250.5,-37.231524,142.956916
ANAKIE,3213,55.5,160.4166667,-37.9406,144.2894
ANGLESEA,3230,127,81.20588235,-38.409363,144.176397
ANNUELLO,3549,43.5,31,-34.766049,142.820973
APPIN PARK,3677,131,58.28571429,-36.358017,146.330564
APSLEY,3319,231,246.5,-36.873961,141.051389
ARAPILES,3409,5,22.3125,-36.72484337,141.8632367
ARBUCKLE,3858,2,20.57142857,-37.3690401,146.8291658
ARDMONA,3629,179.5,76.8125,-36.287306,145.260653
ARMADALE NORTH,3143,4.5,82.88536585,-37.858918,145.019393
ARMSTRONG CREEK,3217,76,100.8166667,-38.23413976,144.3707843
ARTHURS CREEK,3099,58,104.1095238,-37.592101,145.192854
ASCOT VALE,3032,29.5,87.93850267,-37.774486,144.897221
ASHWOOD,3147,46.5,82.18009479,-37.867864,145.092946
AVENEL,3664,161,88.63636364,-36.927251,145.298203
AVONDALE HEIGHTS,3034,64,86.35875706,-37.761235,144.86194
AVONSLEIGH,3782,63,112.452381,-37.938068,145.433024
BADDAGINNIE,3670,122,191.9375,-36.623748,145.852449
BADGER CREEK,3777,174.5,114.7272727,-37.606088,145.513804
BAHGALLAH,3312,49,110,-37.6391,141.365747
BALACLAVA,3183,19,83.09701493,-37.869072,144.999026
BALLAN,3342,179.5,139.0384615,-37.651463,144.239102
BALLANGEICH,3279,3.5,35.36363636,-38.214555,142.657483
BALLARAT,3350,18.5,85.82183908,-37.571941,143.864505
BALLARAT MC,3354,232.5,198.21875,-37.560917,143.867158
BALNARRING,3926,19.5,72.77272727,-38.355231,145.094502
BALWYN EAST,3103,17,83.79904306,-37.811738,145.074116
BAMAWM EXTENSION,3561,14,45.5,-36.321109,144.709543
BAMGANIE,3333,629,338.9642857,-37.87179,144.04476
BANDIANA,3691,71.5,26.61111111,-36.13591208,146.9307559
BANDIANA MILPO,3694,43.5,34.27272727,-36.150678,146.919493
BANKSIA PENINSULA,3875,77.5,51.54545455,-37.94900419,147.63201
BANYULE,3084,99.5,83.88277512,-37.744406,145.082685
BAREENA,3220,47.5,103.5967742,-38.157038,144.34652
BARKLY,3381,93.5,60.15,-36.988914,142.7154
BARKSTEAD,3352,55.5,155.9375,-37.482132,143.662387
BARNAWARTHA,3688,33,42.27272727,-36.119195,146.717193
BARNAWARTHA NORTH,3688,30,44.05,-36.119195,146.717193
BAROMI,3871,9.5,37.76470588,-38.40304542,146.1775109
BARUNAH PARK,3329,300,413.4642857,-37.983701,143.908716
BARUNAH PLAINS,3329,113.5,296.5909091,-38.04453757,143.7726902
BASS,3991,92,69.53571429,-38.483041,145.466781
BATESFORD,3213,65,124.7,-38.091,144.2779
BAW BAW VILLAGE,3833,20,59.41666667,-37.829347,146.077886
BAYINDEEN,3375,399,202.1666667,-37.424288,143.143621
BAYLES,3981,81.5,95.62,-38.207298,145.575
BAYSWATER,3153,40,85.30167598,-37.845116,145.270141
BEACONSFIELD,3807,99.5,102.6604938,-38.048316,145.371635
BEALIBA,3475,16,21,-36.70633,143.51213
BEAUCHAMP,3579,4,34.41666667,-35.62576908,143.6250386
BEDFORD ROAD,3135,51.5,82.49202128,-37.819594,145.248209
BELGRAVE,3160,214.5,95.10743802,-37.935097,145.350821
BELL BIRD CREEK,3889,34,57.5,-37.610841,148.873952
BELLARINE,3221,57,93.92592593,-38.181608,144.427419
BELLBIRD CREEK,3889,28,85.25,-37.63819699,148.814786
BELLELLEN,3380,2,12.53846154,-37.0666,142.771159
BENA,3946,1.5,63.76666667,-38.448155,145.723537
BENALLA,3671,141,100.8636364,-36.385144,145.420691
BENAMBRA,3900,39.5,73,-36.88053,147.826143
BENDIGO,3550,25,82.66421569,-36.764269,144.285267
BENDIGO DC,3554,115.5,52.22222222,-36.757,144.279
BENDIGO SOUTH,3550,78,52.09090909,-36.764269,144.285267
BENTLEIGH,3204,12.5,77.99744898,-37.916956,145.036783
BENTLEIGH EAST,3165,3,78.07788945,-37.922369,145.059426
BERRAMBOOL,3379,248,113.3,-37.7667,142.6833
BERRIMAL,3518,12,26.83333333,-36.474937,143.586215
BERRIWILLOCK,3531,2,4.5,-35.616408,142.943814
BETLEY,3472,37.5,58.375,-36.864952,143.657638
BEVERFORD,3590,12,8.5,-35.235708,143.493525
BEVERIDGE,3753,97.5,124.6271186,-37.476474,144.959512
BIG HILL,3231,25,93.63333333,-38.47820971,144.0079299
BIG PATS CREEK,3799,315,90.81818182,-37.727566,145.818512
BILLABONG,3858,18,3.2,-37.24480987,146.80983
BINGINWARRI,3966,6,28.20833333,-38.630568,146.436583
BIRDWOODTON,3505,50.5,28.75,-34.180532,142.004192
BIRREGURRA,3242,141,136.1785714,-38.346704,143.740326
BITTERN,3918,38.5,78.82432432,-38.339871,145.155546
BLACK RANGE,3381,39.5,43.16666667,-37.1348818,142.7641486
BLACK ROCK NORTH,3193,156,70.5,-37.978698,145.031561
BLACKBURN NORTH,3130,146.5,83.32619048,-37.81805,145.149653
BLAIRGOWRIE,3942,48,66.97727273,-38.367874,144.768301
BOLANGUM,3381,1.5,9,-36.988914,142.7154
BOLINDA,3432,3,107.7325581,-37.448455,144.792581
BONN,3561,74.5,29.33333333,-36.40526528,144.7181934
BONNIE BROOK,3335,40,94.95263158,-37.69608887,144.6698898
BONNIE DOON,3720,22,159.9,-37.017241,145.850304
BONSHAW,3352,368.5,360.625,-37.60335408,143.813696
BOOLA,3825,34,62.92857143,-38.0485774,146.4605642
BOOLITE,3392,20,23.5,-36.34199038,142.6792298
BOOMAHNOOMOONAH,3728,20,62.78571429,-36.148922,145.959015
BOONAH,3235,20,121.0357143,-38.42875898,143.979689
BORALMA,3682,87,62.21428571,-36.174271,146.428656
BORONIA,3155,147.5,85.69476744,-37.861799,145.284418
BOTANIC RIDGE,3977,147.5,96.03968254,-38.1466398,145.2695101
BOUNDARY BEND,3599,54,22.5,-34.729742,143.143231
BOX HILL NORTH,3129,68,84.20616114,-37.806965,145.125084
BRADFORD,3463,32.5,58.1,-36.957983,144.05651
BRADVALE,3361,249,418.3,-37.752643,143.373089
BRANDITT,3630,153,96.28947368,-36.380853,145.403176
BRANDON PARK,3150,23.5,80.53125,-37.914383,145.168834
BRANXHOLME,3302,252.5,280.7142857,-37.847981,141.706379
BRAVINGTON,3821,14,25.6,-38.08301804,145.9226127
BREAKAWAY CREEK,3303,148,185.625,-37.980868,141.789606
BREAMLEA,3227,98,88,-38.263052,144.40814
BRIGHTON EAST,3187,85,76.71315789,-37.925371,145.013593
BRIM,3391,11.5,21,-36.092132,142.446015
BRIMPAEN,3400,18,31.375,-36.725245,142.203729
BRUARONG,3749,2,27.3,-36.42031113,146.8638108
BRUMBY,3885,22,47.75,-37.01610136,148.0696953
BRUNSWICK,3056,15.5,86.64615385,-37.766292,144.960108
BRUNSWICK EAST,3057,25.5,84.32575758,-37.770012,144.97728
BRUNSWICK SOUTH,3055,23,86.37105263,-37.763584,144.942222
BUDGEE BUDGEE,3862,2,10.125,-37.55304411,147.130018
BUDGEREE EAST,3870,20,34.96428571,-38.437946,146.319351
BUFFALO CREEK,3958,4,38.8,-38.673841,145.987059
BULGANA,3377,16,118.2777778,-37.12975291,142.9948304
BULLA,3428,120.5,97.89256198,-37.591069,144.811494
BULLEEN SOUTH,3105,53,84.84047619,-37.772477,145.084806
BULLENGAROOK,3437,14,99.46428571,-37.501619,144.513018
BULLUMWAAL,3875,55.5,48,-37.826032,147.63201
BUNDARA,3898,100,95,-37.066169,147.464799
BUNINYONG,3357,911.5,324.8235294,-37.653945,143.883416
BUNYIP,3815,18,113.2380952,-38.01378,145.726311
BURAGWONDUC,3858,4,17.77777778,-37.49088696,146.7706256
BURNLEY NORTH,3121,12,81.92079208,-37.826869,145.007098
BURNSIDE HEIGHTS,3023,134.5,85.07089552,-37.73218752,144.755657
BURRAMBOOT,3559,42,35.3125,-36.53002718,144.8317218
BURRAMINE,3730,85.5,34.83333333,-36.00973295,145.882739
BURRAMINE SOUTH,3730,8,67.38888889,-36.07318482,145.856688
BURROWYE,3709,26.5,33.4,-36.035908,147.667373
BURWOOD,3125,12.5,84.13551402,-37.851305,145.101
BURWOOD HEIGHTS,3151,29,81.91943128,-37.85523,145.151119
BUXTON,3711,29,49.66666667,-37.41047,145.682161
BYLANDS,3762,87.5,66.71052632,-37.354143,144.936707
BYRNESIDE,3617,113.5,75.65789474,-36.423823,145.178369
CALLAWADDA,3381,4,5.8125,-36.988914,142.7154
CALLIGNEE SOUTH,3844,12,30.11538462,-38.38048482,146.6035417
CALROSSIE,3971,31,21,-38.631942,146.815723
CAMBARVILLE,3779,26,77,-37.539267,145.784751
CAMBERWELL WEST,3124,13.5,85.28271028,-37.840867,145.068191
CAMPASPE WEST,3564,99,28.85714286,-36.168997,144.728806
CAMPBELLFIELD,3061,181.5,82.37134503,-37.666265,144.956763
CAMPBELLS BRIDGE,3381,4,7.233333333,-36.988914,142.7154
CANADIAN,3350,113,229.8125,-37.571941,143.864505
CANN RIVER,3890,87,42,-37.566489,149.217216
CANNUM,3393,22,11.16666667,-36.257725,142.387341
CANTERBURY,3126,29.5,84.07819905,-37.827203,145.075748
CAPE WOOLAMAI,3925,63,63.82142857,-38.528213,145.379683
CAPEL SOUND,3940,25.5,61.2,-38.37363083,144.8754149
CARAMUT,3274,101.5,138.4285714,-37.960778,142.478612
CARDROSS,3496,13,36.5,-34.287804,142.144177
CARISBROOK,3464,54,38.61111111,-37.019811,143.841414
CARLISLE RIVER,3239,431,217,-38.564014,143.448102
CARLTON SOUTH,3053,15.5,85.01507538,-37.803569,144.966112
CARLYLE,3685,36.5,49.83333333,-36.00913619,146.4848179
CARRAJUNG LOWER,3844,34,22.63636364,-38.39234478,146.7391131
CARRAJUNG SOUTH,3844,42,32.5,-38.38123128,146.7999955
CARRUM DOWNS,3201,90,86.984375,-38.092874,145.177905
CASTLEMAINE,3450,117,45.34615385,-37.061635,144.214903
CATUMNAL,3537,114,41.5,-36.079335,143.744455
CAULFIELD NORTH,3161,8.5,82.95343137,-37.873733,145.019929
CAVENDISH,3314,603,290.25,-37.586718,141.935665
CHADSTONE,3148,54,82.36190476,-37.882562,145.090149
CHARLEMONT,3217,62,103.1290323,-38.21558906,144.3683696
CHELSEA,3196,66,77.21875,-38.046479,145.122762
CHILTERN,3683,63,46.05,-36.180787,146.604622
CHIRNSIDE PARK,3116,58.5,98.76538462,-37.737629,145.313086
CHIRRIP,3525,12,24.45,-36.16805671,143.1280301
CHRISTIES,3962,10,29.56666667,-38.5328,146.3929
CHURCHILL,3842,88.5,31.59375,-38.315452,146.414358
CLARINDA,3169,62,80.13227513,-37.945149,145.115271
CLARKEFIELD,3430,14,113.4830508,-37.494056,144.806632
CLEAR LAKE,3401,26,36.41666667,-36.881534,141.940832
CLIFTON HILL,3068,25,84.51980198,-37.790974,144.98622
CLIFTON SPRINGS,3222,112.5,83.35714286,-38.209921,144.572989
CLONBINANE,3658,8,63.5,-37.35670207,145.1574765
CLYDE NORTH,3978,101.5,107.6034483,-38.135009,145.384606
CLYDESDALE,3461,25,42.76923077,-37.287848,144.170995
COBAW,3442,84.5,44.83333333,-37.330661,144.548846
COBBLEBANK,3338,23.5,112,-37.70732038,144.6008548
COBDEN,3266,327,207.55,-38.407094,143.133721
COBRAM,3643,2,63.72222222,-35.955363,145.631874
COCKATOO,3781,102,117.5538462,-37.938471,145.487862
COLAC,3250,98,188.625,-38.311513,143.584742
COLLINGWOOD,3066,5.5,85.02439024,-37.804846,144.986906
CONCONGELLA,3381,2,10.8,-36.988914,142.7154
CONDAH SWAMP,3286,180.5,183,-37.9711005,141.8361176
CONGUPNA,3633,90.5,113.8,-36.307936,145.46296
COOLAROO,3048,110.5,83.9704142,-37.653917,144.923609
CORAL BANK,3691,24,33.625,-36.027154,147.880991
CORIO,3214,21.5,122.375,-38.084781,144.352385
COROROOKE,3254,135,236.7222222,-38.289636,143.52228
COTHAM,3101,39.5,85.40430622,-37.807397,145.036575
COWA,3862,13.5,10.75,-37.39966422,147.1868903
COWWARR,3857,81,60.75,-38.018616,146.694894
CREEK VIEW,3551,24.5,29.95454545,-36.59845103,144.6456354
CRESSY,3322,264,355.7777778,-38.021333,143.743305
CRESWICK,3363,131.5,189.8333333,-37.420588,143.88637
CRIB POINT,3919,56,79.97222222,-38.352327,145.199777
CROOKAYAN,3858,108,5.142857143,-37.48411474,146.6214281
CROYDON HILLS,3136,122,84.38920455,-37.779876,145.282396
CULGOA,3530,4,4,-35.701439,143.152747
CULLA,3315,468.5,227,-37.408371,141.687516
CUNDARE,3251,140,149.8333333,-38.146253,143.5923322
CURDIEVALE,3268,79,145.1875,-38.51854992,142.8644071
CURYO,3483,27.5,15,-35.901765,142.890804
DALLAS,3047,108,84.85057471,-37.681105,144.930247
DALYENONG,3477,72,100.125,-36.8061787,143.4180029
DALYSTON,3992,146,72.16666667,-38.569135,145.534315
DANDENONG SOUTH,3164,100,85.75378788,-38.02243,145.23738
DANDONGADALE,3737,4,32.90909091,-36.554037,146.82759
DARRAWEIT GUIM,3756,67.5,126.4264706,-37.41233,144.956641
DAYLESFORD,3460,59.5,75.46666667,-37.351704,144.144216
DEAKIN UNIVERSITY,3217,254.5,83.0046729,-37.8495,145.109
DEAN,3352,177,190.6666667,-37.482132,143.662387
DEANSIDE,3336,208,86.81147541,-37.7332,144.7041
DEDDICK VALLEY,3888,89.5,22,-37.05839205,148.4725251
DEEP LEAD,3381,4,15.53571429,-36.988914,142.7154
DEEPDENE,3103,1,83.65402844,-37.81141396,145.0658595
DEER PARK EAST,3022,94.5,79.16878981,-37.795937,144.793961
DEER PARK NORTH,3023,305.5,82.48571429,-37.78272,144.770641
DELACOMBE,3356,31.5,262.6764706,-37.592283,143.82846
DELBURN,3871,11,27.16666667,-38.42207,146.158866
DELEGATE RIVER,3888,24,0,-37.10937561,148.812726
DELEGATE RIVER EAST,3888,26,0,-37.39051,148.660943
DENDY,3186,70.5,76.5106383,-37.915066,144.996329
DEVILS RIVER,3714,9.5,35.44444444,-37.18897433,145.8060118
DEWHURST,3808,106,108.3238636,-38.002518,145.42327
DIAMOND CREEK,3089,58.5,82.08333333,-37.667713,145.150369
DIGBY,3309,51,49,-37.82644,141.511007
DIGGERS REST,3427,140,91.64563107,-37.643461,144.707974
DOCKLANDS,3008,2,86.47916667,-37.814719,144.948039
DOCTORS FLAT,3895,42,22.9,-37.379331,147.887515
DOMAIN ROAD PO,3141,16,82.66497462,-37.840679,144.991264
DONCASTER,3108,106.5,84.07345972,-37.786429,145.125797
DONCASTER EAST,3109,63,81.97794118,-37.784786,145.161649
DONVALE,3111,73,82.57635468,-37.794054,145.186334
DOOKIE COLLEGE,3647,266.5,80.69230769,-36.385331,145.704473
DOUGLAS,3401,162.5,65.91666667,-36.881534,141.940832
DROUIN,3818,48,33.11764706,-38.096289,145.867337
DRUMCONDRA,3215,28.5,124.6935484,-38.111002,144.33452
DRUMMARTIN,3570,32,48.25,-36.515303,144.28053
DUCHEMBEGARRA,3409,8,30.7,-36.60694604,141.9140027
DURHAM OX,3576,49,56,-36.128029,143.917515
DUVERNEY,3323,226,418.25,-38.026314,143.520934
EAGLE POINT,3878,3.5,58.16666667,-37.898544,147.680121
EAST SALE,3852,37.5,98.25,-38.10361729,147.1414369
EAST SALE RAAF,3852,67,79.35714286,-38.106731,147.134356
EASTERN VIEW,3231,100,88.125,-38.459435,144.106892
EASTWOOD,3875,37.5,49.38461538,-37.81289131,147.63201
EDI UPPER,3678,35.5,44.14285714,-36.68892,146.482439
EILDON,3713,32,26.5,-37.241527,145.90623
ELDORADO,3746,27.5,61.27272727,-36.31396,146.51767
ELIZABETH ISLAND,3921,23.5,73.96153846,-38.41571044,145.3687444
ELPHINSTONE,3448,23.5,45.33333333,-37.075364,144.387629
ELWOOD,3184,24.5,79.94102564,-37.881414,144.984034
ENDEAVOUR HILLS,3802,58,84.590625,-37.971763,145.255599
ENOCHS POINT,3723,23,18.875,-37.41855045,146.1186202
EPPING DC,3076,177.5,82.43902439,-37.643598,145.022137
ESMOND,3730,61,45.875,-36.051782,145.974755
ESSENDON NORTH,3041,69.5,86.17213115,-37.731464,144.904815
ESSENDON WEST,3040,53,87.1356383,-37.751845,144.902556
EUMEMMERRING,3177,47.5,86.31699346,-37.990985,145.237462
EUROBIN,3739,4,26.375,-36.641016,146.864194
EYNESBURY,3338,62,121.3796296,-37.705529,144.571033
FAWKNER,3060,301,84.67819149,-37.707326,144.967874
FERN HILL,3458,48.5,62.95833333,-37.424116,144.33471
FERNY CREEK,3786,36.5,91.92957746,-37.878188,145.332431
FIELDSTONE,3024,137.5,88.3,-37.75045631,144.649936
FITZROY,3065,8,84.865,-37.802608,144.977795
FLINDERS,3929,18.5,57.84,-38.460965,144.976673
FLINDERS LANE,8009,64.5,84.89393939,-37.817201,144.964531
FLYNNS CREEK,3844,30,52.42307692,-38.316869,146.607101
FORBES,3764,28,32.52941176,-37.263736,144.900644
FORREST,3236,168,120.9117647,-38.521903,143.712384
FOUNTAIN GATE,3805,157.5,97.85238095,-38.037026,145.304198
FRANKSTON HEIGHTS,3199,167,84.28461538,-38.162578,145.135961
FRASER RISE,3336,44,91.19512195,-37.70482231,144.7126219
FREEBURGH,3741,232,89.625,-36.962316,147.063163
FRESHWATER CREEK,3216,83,111.3448276,-38.215906,144.334005
FYANSFORD,3218,96,122.9677419,-38.13028025,144.2894883
GAINSBOROUGH,3822,30.5,22.85294118,-38.194379,145.989901
GARDENVALE,3185,34.5,78.12886598,-37.891841,145.002571
GARFIELD,3814,57.5,75.19047619,-38.10718,145.669112
GEELONG WEST,3218,65.5,125.765625,-38.138728,144.330986
GEMBROOK,3783,70.5,123.3068182,-37.947379,145.596576
GEORGES CREEK,3700,38,30.25,-36.15063277,147.2581548
GERAHMIN,3546,4,8.166666667,-35.17251379,142.79978
GERANGAMETE,3243,205.5,122.1666667,-38.364034,143.82588
GERMANIA,3381,2,13.58823529,-36.988914,142.7154
GERRIGERRUP,3289,14,160.45,-37.99193127,142.1980995
GIFFARD,3850,64,39.75,-38.224191,147.106181
GIL GIL,3480,16,29.85714286,-36.32166578,143.0409276
GILLUM,3858,4,40,-37.7535504,146.7352987
GIPPSLAND MC,3841,15,25.0625,-37.5832,147.463
GIRGARRE,3624,42,41.55555556,-36.410186,144.965763
GIRGARRE EAST,3616,88,74.64705882,-36.464118,145.145217
GLEN FORBES,3990,88,65.625,-38.455399,145.501279
GLEN HUNTLY,3163,26,79.55825243,-37.896497,145.057237
GLEN WAVERLEY,3150,81,79.36989796,-37.876968,145.170841
GLENBURN,3717,215,39,-37.286611,145.435776
GLENDONALD,3364,117,127,-37.36045587,143.8443538
GLENFALLOCH,3858,16,20.9375,-37.69372058,146.6296585
GLENGARRY,3854,41.5,63.72727273,-38.12413,146.596877
GLENHOPE EAST,3522,12,38.20833333,-37.07349322,144.7011112
GLENROWAN,3675,87.5,69.8,-36.565078,146.266835
GLENROY,3046,121,86.40710383,-37.706578,144.927968
GOBARUP,3559,16,43.5,-36.67769551,144.8712631
GOBUR,3719,65.5,204.2222222,-37.041215,145.608491
GOLDEN GULLY,3555,117.5,54.875,-36.777226,144.245239
GOLDIE,3435,54,40.88235294,-37.179453,144.743358
GORDON,3345,109,225.3125,-37.5878,144.123664
GORMANDALE,3873,18,53.36363636,-38.298267,146.708775
GOROKE,3412,131,115.6666667,-36.658804,141.366071
GOWANBRAE,3043,57,84.32163743,-37.691916,144.888368
GOWER,3451,16,53.85714286,-37.125338,144.21419
GRAHAMVALE,3631,103.5,114.5,-36.428694,145.526693
GRAMPIANS,3314,81.5,260.8333333,-37.34896421,142.329907
GRAND RIDGE,3870,14,29.46875,-38.47229711,146.3992787
GRANITE FLAT,3525,34,97.78571429,-36.21412082,143.1316318
GRANTVILLE,3984,147,69.5,-38.312647,145.563979
GRAYS BRIDGE,3477,2,8.25,-36.61840529,142.8997503
GREENDALE,3341,180,90.20588235,-37.573711,144.308232
GREENVALE,3059,162.5,85.38157895,-37.639887,144.879626
GREY RIVER,3221,30,78.7,-38.181608,144.427419
GREYTHORN,3104,29.5,85.11556604,-37.793695,145.081714
GRUYERE,3770,85,115.1164384,-37.708784,145.416004
GUNBOWER,3566,70,41.5,-35.945748,144.383334
HALLAM,3803,93,90.28,-38.009435,145.265524
HAMILTON,3300,662,280.6875,-37.743155,142.013356
HAMPTON NORTH,3188,133,75.80167598,-37.938889,145.007238
HAMPTON PARK,3976,157,96.47115385,-38.043995,145.264296
HAPPY VALLEY,3351,445.5,433.3846154,-37.758248,143.637463
HARKAWAY,3806,55.5,103.2,-38.025018,145.349488
HARKNESS,3337,184,124.3333333,-37.65724033,144.5462424
HARROW,3317,197.5,248.875,-37.166673,141.451647
HAVILAH,3737,11,21.5,-36.623195,146.8967591
HAWKHURST,3862,10,7.7,-37.597551,147.228456
HAWTHORN WEST,3122,23.5,82.70731707,-37.822725,145.030602
HAZELWOOD NORTH,3840,159,43.13333333,-38.245215,146.424457
HEATHCOTE SOUTH,3523,59,33.1,-36.837461,144.768359
HEATHERTON,3202,19.5,76.02513966,-37.960555,145.092698
HEATHWOOD,3134,74,84.75815217,-37.823058,145.257929
HEDLEY,3967,34,18.33333333,-38.647562,146.507929
HEIDELBERG WEST,3081,96.5,83.50990099,-37.743008,145.046401
HEXHAM,3273,36,79.8,-37.981249,142.660643
HIAMDALE,3847,73,70.35,-38.166213,146.772991
HIGHETT,3190,49,75.93646409,-37.951394,145.038147
HILLDENE,3660,70.5,52.61538462,-37.03704373,145.0457777
HILLSIDE,3037,27,87.29591837,-37.715579,144.780474
HMAS CERBERUS,3920,17.5,76.578125,-38.38752,145.19304
HODDLE,3959,22,24.5,-38.734636,146.066529
HOLLANDS LANDING,3862,105.5,59,-38.04993542,147.4640889
HOPETOUN GARDENS,3162,10,78.4520202,-37.892139,145.023394
HOPETOUN PARK,3340,140.5,121.56,-37.787135,144.394442
HOPEVALE,3396,4,6,-35.7157,142.329159
HORDERN VALE,3238,179.5,262.375,-38.781787,143.429978
HORFIELD,3567,24,50.7,-35.931669,144.262942
HORSHAM,3400,62.5,15.27777778,-36.725245,142.203729
HOTHAM HILL,3051,4,86.11597938,-37.8006,144.943559
HOUSTON,3128,60,84.23130841,-37.828866,145.122393
HOWITT PLAINS,3858,6,38.5,-37.20631423,146.685872
HOWQUA,3723,7.5,57.25,-36.894465,146.256507
HUNTINGDALE,3166,13,80.88221154,-37.902805,145.089719
HURDLE FLAT,3747,107.5,32.83333333,-36.361056,146.725705
INVERLEIGH,3321,72,321.2,-38.087758,143.88056
IRREWILLIPE,3249,446,168.5555556,-38.388291,143.557159
IRYMPLE,3498,13,36.5,-34.238385,142.172516
IVANHOE,3079,61,84.07211538,-37.772675,145.048573
JARVIS CREEK,3700,4,11.5,-36.335898,147.35527
JEETHO,3945,19.5,64.28125,-38.381582,145.697053
JEFFCOTT,3480,12,24.42857143,-36.31902453,143.1383586
JEFFCOTT NORTH,3480,63,19.35714286,-36.26284609,143.0680468
JERICHO,3825,30.5,26.875,-37.66622391,146.2288747
JERUK,3527,55.5,45.7,-36.00182588,143.4513232
JILPANGER,3401,10,67.21428571,-36.881534,141.940832
JOEL JOEL,3381,8,26.91176471,-36.988914,142.7154
JOEL SOUTH,3381,6,56.07142857,-36.988914,142.7154
JOHNSONVILLE,3902,57,34.75,-37.797042,147.814894
JORDANVILLE,3148,13.5,81.53827751,-37.8736,145.112084
JOYCES CREEK,3364,30,46.1,-37.08856117,143.9880643
JUMBUK,3869,32,35,-38.364689,146.359836
JUNG,3399,16.5,10,-36.608521,142.357023
JUNGABURRA,3575,34,37.8,-36.055725,144.159028
KAARIMBA,3635,47.5,95.4,-36.142596,145.30827
KADNOOK,3318,357,180.1666667,-37.025316,141.269571
KALLISTA,3791,200,98.69911504,-37.896917,145.379622
KALORAMA,3766,57.5,101.2169811,-37.817818,145.384955
KALPIENUNG,3529,4,12.875,-35.824259,143.232677
KANGAROO GROUND,3097,60.5,83.96629213,-37.695254,145.224204
KANIVA,3419,8,55,-36.226015,141.101929
KANYA,3381,2,20.27272727,-36.988914,142.7154
KARDELLA SOUTH,3950,1.5,47.3125,-38.435217,145.812945
KATAMATITE,3649,81.5,60.54545455,-36.082665,145.688671
KATUNGA,3640,5.5,67.92857143,-36.00978,145.486015
KEILOR EAST,3033,224.5,84.31470588,-37.74107,144.857638
KEILOR NORTH,3036,160.5,86.59006211,-37.705324,144.82246
KEILOR PARK,3042,36.5,86.21264368,-37.727529,144.866305
KENNETT RIVER,3221,16,109.8214286,-38.181608,144.427419
KENSINGTON,3031,54.5,88.60789474,-37.79119,144.923403
KEW EAST,3102,19.5,84.81042654,-37.793805,145.05219
KEYSBOROUGH,3173,97,79.56291391,-38.006771,145.164863
KILLARNEY,3283,133.5,37.0625,-38.313434,142.328761
KILMANY,3851,197.5,69.61111111,-38.035548,147.084398
KILSYTH,3137,107,86.284375,-37.819364,145.313346
KINGLAKE WEST,3757,25,130.925,-37.469784,145.182221
KINGOWER,3517,44.5,22.875,-36.483116,143.886832
KINGSTON,3364,8.5,83.375,-37.334655,143.907186
KINGSVILLE,3012,15.5,84.97206704,-37.807135,144.861162
KINYPANIAL,3520,20,54.875,-36.405771,143.810786
KNOCKWOOD,3723,3.5,27.5,-37.42570709,146.2594778
KNOXFIELD,3180,80.5,82.0698324,-37.893263,145.246731
KOETONG,3704,35,24,-36.132613,147.49344
KOONDA,3669,250,160.7727273,-36.625333,145.708668
KOONDROOK,3580,109.5,86.33333333,-35.639761,144.094672
KOONOOMOO,3644,36.5,58.57142857,-35.945353,145.632682
KOONWARRA,3954,27.5,25.26470588,-38.550379,145.937973
KOOROOL,3860,23,63.14285714,-37.72619419,146.9425755
KOROIT,3282,30,38.31818182,-38.268176,142.351658
KOTTA,3565,5.5,38.85714286,-36.182336,144.511713
KUNYUNG,3930,165,78.21052632,-38.195017,145.093743
KURUNJANG,3337,58.5,112.112069,-37.656057,144.571458
KY WEST,3621,44,217.7222222,-36.206055,144.961183
KYABRAM,3619,48,85.48235294,-37.659566,144.936295
KYABRAM SOUTH,3620,65,65.86111111,-36.38493145,145.0857804
KYVALLEY,3621,14,66.26666667,-36.28071633,145.0055758
LA TROBE UNIVERSITY,3083,402,81.79040404,-37.701346,145.056223
LAEN EAST,3480,40,20.28571429,-36.31227,142.968057
LAKE CHARM,3581,90,41.1,-35.628333,143.78521
LAKE EPPALOCK,3551,29,44.66666667,-36.88282226,144.5982185
LAKE HINDMARSH,3423,16,0,-36.13191,141.940764
LAKE MOODEMERE,3685,16,54.8125,-36.056449,146.470638
LAKE TYERS,3887,56,64.125,-37.757895,148.116641
LALOR,3075,77,81.84831461,-37.66607,145.002679
LANGLEY,3444,44,46.84615385,-37.171788,144.544716
LANGWARRIN,3910,138,92.08333333,-38.156369,145.198328
LANGWARRIN SOUTH,3911,121.5,82.42982456,-38.196908,145.169556
LAVERTON,3028,100,70.22945205,-37.875066,144.777165
LAVERTON NORTH,3026,123.5,77.71088435,-37.829923,144.774986
LAW COURTS,8010,82.5,43.59375,-38.185857,146.293728
LEOPOLD,3224,64,84.625,-38.202905,144.462401
LETHBRIDGE,3332,481.5,161.5833333,-37.944446,144.097178
LILLICO,3820,46.5,22.41176471,-38.207476,145.922212
LILYDALE,3140,322.5,102.4107143,-37.759154,145.363185
LINDENOW,3865,56,53.5,-37.796743,147.455946
LINDSAY POINT,3496,33.5,27.16666667,-34.089735,141.596797
LINTON,3360,478,450.6111111,-37.779677,143.51253
LITTLE DESERT,3418,17,46,-36.074144,141.538074
LITTLE LONSDALE STREET,8011,6.5,85.03553299,-37.8113144,144.9617461
LITTLE RIVER,3211,122,105.8243243,-37.943586,144.498479
LOCKINGTON,3563,26,30.38888889,-36.256251,144.515589
LONGERENONG,3399,19,16,-36.608521,142.357023
LONGLEA,3551,12,45.13636364,-36.78137,144.457937
LONGWOOD,3665,128,160.3181818,-36.844091,145.357627
LONGWOOD EAST,3666,255,206.2777778,-36.8382328,145.4559546
LORNE,3232,33,73.28571429,-38.544977,143.970167
LOVELY BANKS,3213,29.5,127.5645161,-38.04070313,144.3223578
LOWER PLENTY,3093,102.5,82.61219512,-37.73919,145.115208
LUBECK,3381,2,10.27777778,-36.988914,142.7154
LUCAS,3350,356.5,296.3666667,-37.55411084,143.769084
LYNDALE,3559,10,28.54545455,-36.570077,144.805307
LYNDHURST,3975,143.5,90.89035088,-38.05354,145.231114
LYSTERFIELD,3156,119,87.7852349,-37.917932,145.292895
MACARTHUR,3286,95,220.0625,-38.036038,141.963223
MACEDON,3440,27.5,98.02777778,-37.413377,144.546151
MACLEOD WEST,3085,171.5,81.665,-37.724398,145.06988
MACORNA,3579,75,67.83333333,-35.767974,143.769445
MAFEKING,3379,66,321.875,-37.534037,142.521439
MAFFRA WEST UPPER,3859,133.5,56.85,-37.886136,146.848259
MAIN RIDGE,3928,37.5,59.55769231,-38.407828,144.975131
MAINTONGOON,3714,5.5,71.27777778,-37.13112911,145.7781021
MALLACOOTA,3892,40,50,-37.563775,149.909868
MALMSBURY,3446,42,44.42857143,-37.184831,144.374338
MALVERN EAST,3145,25,83.93095238,-37.873557,145.049328
MALVERN NORTH,3144,9,82.52173913,-37.857443,145.034127
MAMBOURIN,3024,113,103.5795455,-37.899873,144.556552
MANGALORE,3663,33,74.5,-36.910878,145.158863
MANOR LAKES,3024,180.5,100.0188679,-37.86694209,144.5812323
MANSFIELD,3722,70,17.75,-37.202634,146.253268
MARDAN,3953,94,15.96666667,-38.460127,145.995174
MARENGO,3233,224.5,64.38888889,-38.679417,143.671777
MARNOO EAST,3477,3,8.833333333,-36.65690656,142.9563966
MARSHALL,3216,127.5,98.86666667,-38.215906,144.334005
MARTHAVALE,3875,6,31.5,-37.44431597,147.63201
MCCRAE,3938,72.5,67.17857143,-38.354321,144.931834
MEAD,3568,94,67.83333333,-35.809462,144.184089
MELBOURNE,3000,40.5,84.97,-37.81443733,144.9825846
MELBOURNE AIRPORT,3045,154,87.20805369,-37.674739,144.836195
MENTONE,3194,26.5,71.19883041,-37.985059,145.067356
MENZIES CREEK,3159,142,103.745098,-37.921894,145.3892
MEPUNGA EAST,3277,8,72.38888889,-38.389835,142.660221
MERINGUR,3496,2,199.5,-34.389148,141.334798
MERINO,3310,62.5,317.9,-37.70789,141.549163
MERNDA,3754,201,89.2556391,-37.593554,145.112985
MERRIGUM,3618,59,72.05555556,-36.37708,145.125014
MERRINEE,3496,15,28.875,-34.370179,141.801957
METUNG,3904,25.5,36.33333333,-37.881041,147.839367
MIDDLE TARWIN,3956,15,37.19230769,-38.66471384,145.927163
MIGA LAKE,3401,142,67.4,-36.881534,141.940832
MILDURA,3500,41.5,89.08391608,-34.1931,142.154161
MILDURA WEST,3500,29.5,33.75,-34.1931,142.154161
MILL PARK,3082,165.5,81.27247191,-37.664858,145.065658
MILLTOWN,3304,107,153.6,-38.182084,141.952156
MINHAMITE,3287,28,46.16666667,-38.059868,142.31953
MINJAH,3276,4,35,-38.0538178,142.481806
MINYIP,3392,2,11,-36.430131,142.677858
MIRAM,3415,46,29.66666667,-36.352459,141.339702
MIRBOO SOUTH,3956,6,33.25,-38.597018,145.955341
MIRIMBAH,3722,132,3.333333333,-37.202634,146.253268
MITCHAM NORTH,3132,296.5,80.76767677,-37.819222,145.196686
MITRE,3401,69,46.78571429,-36.881534,141.940832
MITTYACK,3490,13.5,0,-35.15426089,142.6222683
MODELLA,3816,19.5,50.95,-38.043542,145.787991
MOKEPILLY,3380,14,16.625,-37.0666,142.771159
MOLESWORTH,3718,85,70.27777778,-37.144067,145.54096
MONASH UNIVERSITY,3800,269,78.61306533,-37.910545,145.134935
MONBULK,3793,227.5,104.6391753,-37.874533,145.429715
MONEGEETTA,3433,8,110.1956522,-37.413302,144.752095
MONTMORENCY,3094,93.5,84.37560976,-37.719759,145.124727
MONTROSE,3765,85,96.60687023,-37.814771,145.346621
MOOLAP,3221,86,99.22580645,-38.181608,144.427419
MOOLORT,3465,90,79,-37.021478,143.611335
MOONEE PONDS,3039,9,87.45238095,-37.766184,144.922995
MOORA,3612,12,62.5625,-36.575936,145.019312
MOORABBIN EAST,3189,16.5,76.15322581,-37.942021,145.047802
MOORABOOL,3213,35,151.3928571,-38.038,144.2771
MOORNAPA,3862,6,81.64285714,-37.69919183,147.1704522
MOOROODUC,3933,40,79.28571429,-38.261168,145.096992
MOOROOLBARK,3138,76.5,93,-37.78391,145.322794
MORDIALLOC NORTH,3195,214,74.28658537,-38.007024,145.104105
MORELAND,3058,139,84.92857143,-37.739901,144.964524
MORIAC,3240,102,115.72,-38.263005,144.174411
MORNINGTON,3931,53.5,81.5106383,-38.230038,145.049503
MOUNT ALFRED,3691,37.5,28.875,-36.027154,147.880991
MOUNT BEAUTY,3699,283,71.75,-36.844307,147.299257
MOUNT BUTE,3324,164,319.8333333,-37.941939,143.375414
MOUNT CAMERON,3370,66.5,101.95,-37.252718,143.815613
MOUNT DANDENONG,3767,48,95.43065693,-37.839387,145.347505
MOUNT DORAN,3334,170.5,298.7692308,-37.75803,144.086089
MOUNT DRYDEN,3381,22,17.125,-37.04638597,142.5318605
MOUNT DUNEED,3216,145.5,99.74137931,-38.215906,144.334005
MOUNT EVELYN,3796,82,98.88461538,-37.786977,145.384922
MOUNT MACEDON,3441,51.5,84.72222222,-37.399224,144.603892
MOUNT MARTHA,3934,98.5,73.75675676,-38.2783,145.031598
MOUNT SLIDE,3763,50.5,115.76,-37.521863,145.353378
MOUNT TASSIE,3844,16,35.60714286,-38.38862898,146.5618972
MOUTAJUP,3294,637,254.6666667,-37.573978,142.312764
MOYREISK,3467,179.5,91.3125,-37.105993,143.412675
MOYSTON,3377,341.5,126.5,-37.231524,142.956916
MUNTHAM,3312,216.5,248.9166667,-37.6391,141.365747
MURCHISON EAST,3610,176.5,69.5625,-36.577628,145.229349
MURGHEBOLUC,3218,224,139.4107143,-38.09450396,144.1418215
MURRAY LOCK NO 9,3496,16,24.25,-34.192418,141.597936
MURRAYVILLE,3512,2,0,-35.39199,141.121226
MURROON,3243,187.5,108.21875,-38.364034,143.82588
MURTOA,3390,1.5,11.28571429,-36.583744,142.487468
MUSKERRY EAST,3557,11.5,41.45,-36.63511,144.576787
MYALL,3533,2,5.333333333,-35.53651946,142.7557043
MYERS FLAT,3556,40,49.27777778,-36.656422,144.178282
MYRRHEE,3732,30.5,63.58333333,-36.686814,146.313751
MYRTLE CREEK,3444,36.5,52.96153846,-37.171788,144.544716
MYRTLEFORD,3736,54,60.5,-36.455136,146.479489
NANGILOC,3494,399.5,152.25,-34.486406,142.348315
NAP NAP MARRA,3860,4,17.75,-37.57861321,146.8458785
NAR NAR GOON,3812,108.5,112.744186,-38.070135,145.565304
NARBETHONG,3778,4,156.375,-37.537492,145.623011
NAREEB,3293,321,274.1,-37.655945,142.527253
NARIEL VALLEY,3705,16,18.83333333,-36.322884,147.769911
NARING,3636,91,67.875,-36.093878,145.479471
NARRAWONG,3285,39.5,73.5,-38.290199,142.058916
NARRE WARREN NORTH,3804,48.5,92.14173228,-37.980059,145.325994
NATIMUK,3409,18.5,21.5,-36.667303,141.89695
NAVARRE,3384,65,48.6,-37.000261,143.126344
NEDS CORNER,3496,199.5,2,-34.130253,141.326064
NEERIM SOUTH,3831,16,36.1,-37.993258,146.013136
NELSE,3699,8,122.875,-36.83390754,147.3656102
NELSON,3292,78,0,-38.038873,141.051987
NERRING,3373,357,320.4,-37.457785,143.343429
NEW GISBORNE,3438,147,91.64814815,-37.457528,144.602032
NEWMERELLA,3886,136.5,42,-37.770977,148.426851
NICHOLS POINT,3501,15.5,33.07142857,-34.243279,142.100896
NICHOLSON,3882,16,37.5,-37.812017,147.764385
NIDDRIE NORTH,3042,30,88.64754098,-37.7393,144.886
NINYEUNOOK,3527,27.5,14.3,-35.95739202,143.4213318
NIRRANDA,3268,229,170.7857143,-38.535802,142.908911
NOBLE PARK EAST,3174,89.5,80.375,-37.966218,145.17877
NORADJUHA,3401,8,43.71428571,-36.881534,141.940832
NORTHCOTE SOUTH,3070,67.5,84.625,-37.774064,144.999745
Clayton,3168,159,78.52295918,-37.91342,145.12665
NOWHERE CREEK,3469,105,131.8,-37.172964,143.280627
NULLAWARRE NORTH,3268,91,128.85,-38.43795764,142.7964155
NUNAWADING,3131,117,80.63414634,-37.817798,145.174489
NUNGURNER,3909,57,25.85714286,-37.821921,147.970237
NYAH,3594,10,9.416666667,-35.138155,143.346028
NYORA,3987,36,51.64705882,-38.309048,145.689142
OAKLEIGH SOUTH,3167,12,78.91326531,-37.923345,145.087614
OCEAN GROVE,3226,156.5,82.25,-38.263811,144.523761
OFFICER SOUTH,3809,250.5,106.7426471,-38.069094,145.406887
OLD TALLANGATTA,3701,12,26.66666667,-36.20193851,147.249954
OLINDA,3788,148,97.98230088,-37.848036,145.377128
OMEO VALLEY,3888,73,49.16666667,-37.39051,148.660943
ORFORD,3284,57,50.5,-38.270398,142.119266
OSBORNES FLAT,3691,16.5,33.63636364,-36.32062937,146.9091366
OVENS,3738,22.5,27.88888889,-36.587922,146.75397
OZENKADNOOK,3413,136,181,-36.699331,141.201068
PAKENHAM SOUTH,3810,255,107.509434,-38.04658,145.472514
PANTON HILL,3759,39.5,96.48529412,-37.650385,145.247277
PARK ORCHARDS,3114,32.5,81.29230769,-37.778595,145.212599
PARKVILLE,3052,98,85.28461538,-37.788996,144.948903
PASCOE VALE,3044,72.5,86.23809524,-37.731138,144.936356
PATCHEWOLLOCK,3491,22,22,-35.434099,142.218273
PATTERSON LAKES,3197,29,81.09047619,-38.072748,145.134111
PAYNESVILLE,3880,17,45.18181818,-37.914728,147.727389
PENNYROYAL,3235,32,95.53333333,-38.411964,143.924288
PETERBOROUGH,3270,40,176.25,-38.602117,142.870164
PIANGIL,3597,12,20,-34.965359,143.189786
PICOLA WEST,3639,1593,78.25,-36.021295,145.047253
PIGEON PONDS,3407,224.5,236.8333333,-37.298061,141.948371
PINE MOUNTAIN,3709,30,32.125,-36.01189247,147.8327575
PINES FOREST,3200,84,88.79113924,-38.126458,145.157574
PINEWOOD,3149,55,81.63658537,-37.880748,145.128118
PLENTY,3090,207,79.62849162,-37.668408,145.107802
PLUMPTON,3037,33.5,91.06306306,-37.715579,144.780474
POINT WILSON,3212,220,114.1911765,-38.039958,144.422666
POLISBET,3585,8.5,6.666666667,-35.27926115,143.1473395
POOTILLA,3352,367,188.1333333,-37.482132,143.662387
POOWONG,3988,7,43.76315789,-38.313447,145.811863
POREPUNKAH,3740,30,26.78571429,-36.731686,146.834561
PORT FRANKLIN,3964,102,11.68181818,-38.685115,146.278804
PORT MELBOURNE,3207,41.5,83.97326203,-37.832179,144.918044
PORT WELSHPOOL,3965,10,29.83333333,-38.693437,146.472132
PORTARLINGTON,3223,63.5,91.89130435,-38.147989,144.668477
PORTLAND NORTH,3305,360,127.5,-38.235475,141.437227
PORTSEA,3944,19,75.68181818,-38.321871,144.692708
POUND CREEK,3996,80,49.71428571,-38.629561,145.745609
POWELLTOWN,3797,31,99.03125,-37.867809,145.786343
PRANJIP,3665,20,176.6538462,-36.844091,145.357627
PRESTON LOWER,3072,14,83.78535354,-37.74247,145.005702
PRINCES HILL,3054,17,84.93112245,-37.786971,144.96724
PRINCETOWN,3269,323,229.2857143,-38.660637,143.177116
PUCKAPUNYAL,3662,47,38.15,-36.9356483,144.9486555
PUCKAPUNYAL MILPO,3662,8,50.375,-36.939204,144.960214
PURA PURA,3271,156,73,-37.888549,142.98753
PURALKA,3311,85.5,0,-37.468159,141.229722
PURDEET,3289,318,282.2857143,-37.893196,142.227754
PURNIM,3278,24,49.8125,-38.278013,142.624719
PURNIM WEST,3278,1,56.22222222,-38.29668931,142.554533
PYALONG,3521,9.5,33.125,-37.090071,144.912693
RAVENSWOOD SOUTH,3453,130,51.96153846,-36.950365,144.281488
RED CLIFFS,3496,76.5,25.91666667,-34.307094,142.187995
RED HILL SOUTH,3937,29,66.18965517,-38.373694,145.01994
RED LION,3371,21,61.61111111,-37.1766686,143.7666842
REEDY FLAT,3895,8,66.33333333,-37.40606605,147.916566
RESEARCH,3095,116,83.55778894,-37.713299,145.158579
RESERVOIR,3073,46.5,85.27435897,-37.712474,145.005955
REYNARD,3858,2,32.88888889,-37.35595129,146.6252375
RHYLL,3923,39,55.225,-38.465552,145.293632
RIACHELLA,3385,8,12.30555556,-36.904185,142.647565
RICHMOND NORTH,3121,1.5,84.50738916,-37.823303,145.001788
RIDDELLS CREEK,3431,137.5,108.0428571,-37.474551,144.69202
RINGWOOD,3134,68.5,82.86666667,-37.796091,145.232557
ROBINSON,3019,11.5,85.72571429,-37.784683,144.854014
ROBINVALE IRRIGATION DISTRICT SECTION B,3549,55,22.375,-34.612077,142.789595
ROBINVALE IRRIGATION DISTRICT SECTION C,3549,25.5,157.1,-34.626246,142.730687
ROBINVALE IRRIGATION DISTRICT SECTION E,3549,8.5,34,-34.664554,142.759585
ROCKLANDS,3401,79.5,386.5,-37.2749188,142.0507182
ROKEWOOD,3330,1344.5,392.4583333,-37.918437,143.758576
ROSEBERY,3395,10,3,-35.83347402,142.4214713
ROSEBUD PLAZA,3939,91.5,49.23809524,-38.42776,144.900413
ROSEBUD WEST,3940,72,58.63043478,-38.383367,144.873115
ROSES GAP,3385,6,13.85714286,-36.97419597,142.4561838
ROWVILLE,3178,123.5,82.29190751,-37.924431,145.241589
ROXBURGH PARK,3064,407,90.90625,-37.546522,144.942199
ROYAL MELBOURNE HOSPITAL,3050,6,86.03076923,-37.7989153,144.95617
RUFFY,3666,597,160.7777778,-36.786777,145.565512
RUNNYMEDE,3558,2,29.27272727,-36.54452949,144.6702395
RUPANYUP,3388,4,8.192307692,-36.597861,142.693946
RYANS,3875,20,33.65,-37.55196002,147.63201
SAFETY BEACH,3936,115.5,67.625,-38.326447,145.007626
SAINT HELENA,3088,82,80.56282723,-37.700175,145.108339
SALE,3850,15.5,37.96666667,-38.224191,147.106181
SALE NORTH,3850,14,56.16666667,-38.224191,147.106181
SANDHURST,3977,92,91.12135922,-38.08209438,145.2086871
SANDON,3462,25,48.82142857,-37.083561,144.053611
SANDOWN VILLAGE,3171,34.5,79.3125,-37.944608,145.156783
SANDRINGHAM,3191,119,74.73728814,-37.956585,145.013472
SANDY CREEK,3695,13.5,25.45,-36.304285,147.123674
SARGOOD,3858,6,16,-37.58636148,146.7389535
SASSAFRAS GULLY,3787,65,94.27822581,-37.866786,145.350888
SCORESBY,3179,69.5,79.94414894,-37.897137,145.222634
SCORESBY BC,3176,22.5,81.99444444,-37.8992,145.23
SCOTTS CREEK,3267,327.5,167.75,-38.466647,143.06073
SEAFORD,3198,109.5,82.7,-38.103194,145.137811
SEDDON,3011,39.5,88.45263158,-37.807101,144.907953
SELWYN,3737,24,177,-37.06713454,146.9999008
SEPARATION CREEK,3221,30,85.11538462,-38.181608,144.427419
SEYMOUR,3660,192,39.875,-37.035925,145.257867
SHAYS FLAT,3377,68,81.13636364,-37.06683249,143.0871367
SHELBOURNE,3463,17.5,61.86363636,-36.957983,144.05651
SHEPPARTON,3630,40,125.875,-36.380853,145.403176
SHERBROOKE,3789,173,94.79338843,-37.889767,145.357336
SHOREHAM,3916,48.5,63.0862069,-38.415199,145.050587
SILVAN,3795,101,107.8310811,-37.836663,145.430311
SKYE,3977,204.5,97.13291139,-38.135253,145.268888
SMITHS BEACH,3922,115.5,57.06521739,-38.482182,145.231974
SMITHS GULLY,3760,36,113.0263158,-37.6269998,145.288344
SMOKEYTOWN,3364,15,140.4210526,-37.40001075,143.9221405
SNAKE ISLAND,3971,32,19,-38.74476124,146.5237607
SOMERS,3927,12.5,72.61290323,-38.383368,145.153269
SOMERTON,3062,392.5,83.20394737,-37.632986,144.932557
SOMERVILLE,3912,57.5,94.45833333,-38.217991,145.227373
SORRENTO,3943,31.5,69.75,-38.345527,144.739101
SOUTH DUDLEY,3995,103.5,52.79166667,-38.578071,145.630713
SOUTH KINGSVILLE,3015,52.5,81.44692737,-37.838242,144.880556
SOUTH MELBOURNE DC,3205,8,84.21025641,-37.831693,144.958176
SOUTH MORANG,3752,444,79.32692308,-37.619102,145.074353
SOUTH WHARF,3006,1.5,83.60309278,-37.82528675,144.9520744
SOUTHBANK,3006,17,83.43333333,-37.823258,144.965926
SOUTHLAND CENTRE,3192,5.5,76.00273224,-37.965655,145.0623
SPRINGFIELD,3434,44.5,79.16666667,-37.35388,144.750796
SPRINGVALE SOUTH,3172,104.5,75.70348837,-37.975981,145.13465
ST ALBANS,3021,64.5,86.72903226,-37.743361,144.796693
ST ANDREWS,3761,4,122.27,-37.585625,145.292381
ST HELENA,3088,50.5,80.21390374,-37.68949912,145.1294801
ST HELENS PLAINS,3400,31.5,13.85,-36.725245,142.203729
ST KILDA ROAD,8004,86,110.3571429,-36.5587997,145.4689942
ST KILDA ROAD CENTRAL,3004,7.5,83.64467005,-37.844246,144.970161
ST KILDA ROAD MELBOURNE,3004,336,81.8040201,-37.8368,144.976
ST KILDA SOUTH,3182,28,83.26530612,-37.865322,144.979478
STAFFORDSHIRE REEF,3351,707,410.2692308,-37.758248,143.637463
STANHOPE SOUTH,3623,24,49.47368421,-36.461381,144.976813
STAUGHTON VALE,3221,82,197,-38.181608,144.427419
STEWARTON,3725,42.5,100.875,-36.414359,145.937326
STIRLING,3893,45.5,28,-37.495349,147.866067
STONEHAVEN,3218,34,125.4,-38.1220442,144.223441
STONY CREEK,3371,23.5,23.53125,-37.196938,143.635622
STRADBROKE PARK,3103,4,84.86084906,-37.8007,145.062
STRATHALLAN,3622,37.5,46.42307692,-36.231961,144.87573
STRATHTULLOH,3338,96.5,107.7213115,-37.73398997,144.5969094
STUART MILL,3477,30,8.083333333,-36.688551,143.230699
SUGARLOAF,3221,28,83.5,-38.181608,144.427419
SUGARLOAF CREEK,3658,42,33.19230769,-37.12839823,145.0277018
SUMNER,3057,52,84.7625,-37.772232,144.98034
SUNDAY CREEK,3658,30,38.7,-37.241401,145.111854
SUNNYCLIFFS,3496,34,33,-34.286644,142.186246
SUNSHINE NORTH,3020,160,84.52760736,-37.777204,144.829945
SUNSHINE WEST,3020,88,81.32424242,-37.79809941,144.8110787
SURREY HILLS NORTH,3127,82.5,83.41981132,-37.825173,145.097236
SUTHERLANDS CREEK,3331,367.5,140.0555556,-38.049195,144.194625
SUTTON,3530,2,3,-35.73285433,142.9735632
SWAN BAY,3225,182,85.29166667,-38.271074,144.614191
SWAN REACH,3903,6,38.40909091,-37.811303,147.867533
SWIFTS CREEK,3896,35,31.16666667,-37.264671,147.707962
TABILK,3607,50.5,97.03846154,-36.839707,145.179762
TAGGERTY,3714,57.5,49.25,-37.210538,145.687889
TALLANDOON,3701,12,13.3,-36.40132656,147.2207049
TALLANGATTA SOUTH,3701,6,19.08333333,-36.32413828,147.2815733
TALLAROOK,3659,10,43.77272727,-37.110344,145.07088
TALLYGAROOPNA,3634,98,108.0833333,-36.224186,145.440315
TARADALE,3447,25,53.38461538,-37.157744,144.322487
TARIPTA,3620,41.5,70.53571429,-36.284584,145.082735
TAROON,3265,138,213.5,-38.178237,142.952372
TARRANYURK,3414,37,16,-36.388628,142.093883
TARRINGTON,3301,40,78.36363636,-38.118855,142.034141
TARWIN LOWER,3956,4,32.66666667,-38.77338675,145.9119412
TAWONGA,3697,31,55.78571429,-36.68753,147.17925
TAWONGA SOUTH,3698,35.5,101.3333333,-36.722034,147.149468
TEDDYWADDY,3525,20,23.78571429,-36.2835,143.364316
TEDDYWADDY WEST,3525,16,23.85714286,-36.2835,143.364316
TEESDALE,3328,413,151.6428571,-38.018664,144.043058
TELOPEA DOWNS,3420,64,27,-36.41273,141.017332
TEMPLESTOWE,3106,143,84.9589372,-37.758335,145.142675
TEMPLESTOWE LOWER,3107,43.5,85.09004739,-37.765225,145.110677
TEMPY,3489,4,9,-35.332477,142.425302
TENNYSON,3572,24,22.7,-36.266642,144.257135
TERANG,3264,115,111,-38.232443,142.884394
TERRICK TERRICK EAST,3573,22,30.375,-36.164865,144.297958
THALLOO,3825,12,47.34615385,-38.08561743,146.3086546
THE BASIN,3154,76,92.09810127,-37.856009,145.31784
THE FINGERBOARD,3864,187.5,59.45,-37.860878,147.341513
THE PATCH,3792,271,104.1067961,-37.89424,145.405388
THE SETTLEMENT,3561,53.5,32.78571429,-36.321109,144.709543
THOMASTOWN,3074,68,83.75543478,-37.684684,145.006644
THOMSON,3219,29.5,104.1774194,-38.17277,144.389533
THOONA,3726,18,94.3,-36.332254,145.960209
THORNBURY,3071,17.5,84.58415842,-37.759426,145.007006
THORNHILL PARK,3335,36,103.3055556,-37.73029166,144.624896
THORNTON,3712,14,30.16666667,-37.3209,145.839057
THORPDALE,3835,8,36.56666667,-38.290637,146.175271
THORPDALE SOUTH,3824,8,42.34210526,-38.245649,146.16397
TINTALDRA,3708,40.5,21.7,-36.070928,147.942058
TITTYBONG,3542,4,6.9375,-35.75270861,143.363426
TITYBONG,3542,6,4,-35.700788,143.406398
TOM GROGGIN,3707,6,22,-36.59561902,148.0805746
TOOAN,3401,15,55.125,-36.881534,141.940832
TOOBORAC,3522,4,33.54545455,-37.050037,144.747197
TOOLAMBA,3614,151,81.03125,-36.479193,145.30098
TOOLAMBA WEST,3614,67,85.28125,-36.48360219,145.2688853
TOOMBON,3825,37.5,39.25,-37.72124292,146.4393424
TOONGABBIE,3856,55,59.45454545,-38.063907,146.672206
TOORAK,3142,26,82.47317073,-37.84411,145.017732
TOORONGA,3146,49,84.36619718,-37.857116,145.057833
TOOTGAROOK,3941,92,55.375,-38.396077,144.827203
TORQUAY,3228,238,79.68,-38.307545,144.299978
TORRITA,3490,279,212.5,-34.911674,142.206711
TORRUMBARRY,3562,33.5,39.08333333,-36.062544,144.46276
TORWOOD,3821,6,31.4,-38.25783442,145.8742873
TOWANINNY SOUTH,3527,4,26.25,-36.07096,143.241334
TOWONG UPPER,3707,12,28.25,-36.586316,148.037958
TREMONT,3785,106.5,88.77070064,-37.885138,145.316734
TRESCO,3583,4,25.7,-35.509635,143.66458
TRESCO WEST,3584,13,21.58333333,-35.431026,143.637617
TRUGANINA,3029,291.5,77.29464286,-37.837165,144.705831
TUERONG,3915,29,81.14102564,-38.305806,145.136622
TULKARA,3384,6,20.53846154,-36.94387585,143.0484349
TURRIFF,3488,2,4,-35.47089941,142.4522756
TYABB,3913,79,82.825,-38.262273,145.166426
TYNONG NORTH,3813,37,111.7413793,-38.064252,145.634339
TYRRELL,3533,12,4.125,-35.384557,142.839304
ULLINA,3364,78,50.5,-37.334655,143.907186
ULTIMA EAST,3544,4,7.8125,-35.43230862,143.3741381
ULUPNA,3641,136.5,43.83333333,-35.89718,145.428306
UNIVERSITY OF MELBOURNE,3010,13.5,85.08717949,-37.796152,144.961351
UPOTIPOTPON,3669,13.5,111.0416667,-36.49668169,145.8003272
UPPER LURG,3673,120,94.35714286,-36.669929,146.062514
UPTON HILL,3664,232.5,174.7,-36.89547953,145.4034627
UPWEY,3158,180,90.82608696,-37.910077,145.324468
VAUGHAN,3451,42.5,48.85714286,-37.125338,144.21419
VERMONT,3133,202.5,81.485,-37.848786,145.192303
VINIFERA,3591,9,9.1,-35.202209,143.394092
VITE VITE NORTH,3325,104,189.6666667,-37.877452,143.185911
W TREE,3885,111.5,8,-37.291807,148.118511
WAAIA,3637,15.5,79.33333333,-36.050686,145.329026
WAGGARANDALL,3646,115.5,77.70833333,-36.24491655,145.7669016
WAHGUNYAH,3687,70,53.57142857,-36.018771,146.415927
WAIL,3401,24,17.125,-36.52995528,142.0867071
WAL WAL,3381,4,6.666666667,-36.988914,142.7154
WALHALLA EAST,3825,44,63.77272727,-37.9325509,146.5807798
WALKERVILLE NORTH,3956,14,25.5,-38.84261489,145.9993437
WALLALOO,3381,4,5.607142857,-36.988914,142.7154
WALLALOO EAST,3381,6,3.892857143,-36.988914,142.7154
WALLINGTON,3221,37.5,86.03571429,-38.181608,144.427419
WALPEUP,3507,16,4,-35.120596,142.035659
WANDILIGONG,3744,43,22.33333333,-36.788479,146.95979
WANDO BRIDGE,3312,58,294.1666667,-37.43928729,141.4238728
WANDONG,3758,10,117.2580645,-37.354647,145.052552
WANDOWN,3549,12,34.6,-34.82232378,142.9427595
WANGARATTA,3676,91.5,61.375,-36.341245,146.338612
WANGIE,3530,4,4,-35.691824,143.2608071
WANTIRNA,3152,139.5,80.125,-37.864951,145.221695
WARANGA,3612,31,71.86111111,-36.575936,145.019312
WARANGA SHORES,3612,12,75.20588235,-36.54807055,145.0911963
WARNEET,3980,95.5,93.64444444,-38.204448,145.356937
WARRABKOOK,3286,145.5,223.1428571,-37.98614494,142.0716061
WARRAGUL SOUTH,3821,32.5,53.77272727,-37.919937,145.945214
WARRANDYTE,3113,233.5,81.17447917,-37.752123,145.204689
WARRNAMBOOL WEST,3280,69,33.14285714,-38.37884,142.482889
WARTOOK,3400,15,18.66666667,-36.725245,142.203729
WATCHEM,3482,42,23.1,-36.17028,142.766588
WATERGARDENS,3038,94,93.23076923,-37.700454,144.766873
WATSONIA,3087,193,81.33673469,-37.711787,145.082426
WATTLE GLEN,3096,77.5,83.86196319,-37.670851,145.185826
WEERING,3251,135,177.4545455,-38.155186,143.648479
WEERITE,3260,207,200,-38.209584,143.244766
WEIR VIEWS,3338,99,120.4795918,-37.72870467,144.5683367
WENDOUREE VILLAGE,3355,156,217.6764706,-37.530285,143.82561
WERRIBEE SOUTH,3030,324,78.0546875,-37.91624,144.64209
WERRIMULL,3496,4,0,-34.386949,141.388479
WEST MELBOURNE,3003,1,86.65306122,-37.810871,144.949592
WESTMEADOWS,3049,122,85.91411043,-37.673182,144.888492
WHANREGARWEN,3714,4,59.35714286,-37.2189348,145.6196525
WHITFIELD,3733,17,24.5,-36.812087,146.316338
WHOROULY EAST,3735,67.5,35.05555556,-36.515712,146.603574
WILDWOOD,3429,509.5,99.67567568,-37.56762,144.728973
WILLIAMS LANDING,3027,167,69.29435484,-37.86199812,144.7430155
WILLIAMS RAAF,3027,129.5,64.38655462,-37.932419,144.754147
WILLIAMSTOWN NORTH,3016,69,81.25561798,-37.863743,144.888461
WILLUNG SOUTH,3844,36,43.65,-38.316869,146.607101
WILSONS HILL,3515,31.5,56.16666667,-36.729444,144.062915
WINDSOR,3181,53,82.77638191,-37.854683,144.995504
WINJALLOK,3380,32.5,14.25,-37.0666,142.771159
WINNAMBOOL,3546,4,6.25,-35.060163,142.850456
WINTER VALLEY,3358,194.5,356.5294118,-37.58012926,143.7928013
WIRRATE,3608,102,61.03846154,-36.740713,145.095753
WODONGA,3689,73.5,83.76111111,-37.67576,144.989793
WODONGA PLAZA,3690,33.5,44.22222222,-36.135717,146.864361
WOLLERT,3750,157,84.76623377,-37.596078,145.005578
WOMBELANO,3401,112,173.8,-36.881534,141.940832
WONGA PARK,3115,123,84.64912281,-37.736734,145.267586
WONGARRA,3221,6,85.7,-38.181608,144.427419
WONGUNGARRA,3862,16,92.375,-37.25564455,147.0451171
WONNANGATTA,3737,2,39.5,-37.13823976,146.8156764
WOOD WOOD,3596,4,9,-35.123806,143.327682
WOODFIELD,3715,352,193.6875,-36.985747,145.739419
WOODSTOCK,3751,68,95.24519231,-37.554655,145.052904
WOOLENOOK,3860,18,97.5,-37.69783613,147.0446286
WOOLSTHORPE,3276,32,39,-38.180923,142.409105
WOOMELANG,3485,2,10.375,-35.711533,142.671962
WOOREEN,3953,21.5,21.0625,-38.40506851,146.0204631
WOORINEN,3589,2,9.928571429,-35.228436,143.441248
WOORINEN SOUTH,3588,17.5,7.714285714,-35.29429,143.470325
WOORNDOO,3272,42,110.875,-37.982186,142.853634
WORROWING,3858,2,22.6875,-37.66889173,146.7419767
WRATHUNG,3860,2,7.125,-37.59554693,146.9492264
WROXHAM,3891,50,63.5,-37.567684,149.538907
WURDIBOLUC,3241,129,127.9230769,-38.20363,143.892824
WYE RIVER,3221,51,83.5,-38.181608,144.427419
WYELANGTA,3237,71,172,-38.716838,143.474392
YAAPEET,3424,22,22,-35.727789,141.930872
YACKANDANDAH,3749,19.5,37.125,-36.357399,146.842075
YALLA-Y-POORA,3378,252,370.25,-37.528792,142.985403
YALLOOK,3571,26,26,-36.36819,144.206865
YAN YEAN,3755,99,107.3141026,-37.563905,145.142035
YANAKIE,3960,34,0,-39.140761,146.360412
YANGOURA,3858,2,53.66666667,-37.82195914,146.5677589
YARRA GLEN,3775,216.5,118.9166667,-37.642852,145.365993
YARRABERB,3516,28,33.375,-36.607616,144.041722
YARRAGON,3823,6,26.44117647,-38.210382,146.065656
YARRAMBAT,3091,142.5,82.77672956,-37.637478,145.136688
YARRAVILLE WEST,3013,26,86.14673913,-37.814183,144.888686
YELLINGBO,3139,354.5,118.5789474,-37.814506,145.532666
YIELIMA,3638,112.5,359.6,-36.03202,145.246572
YORK PLAINS,3477,24,13.78571429,-36.58743626,142.9166939
YOUANMITE,3646,113.5,88.58333333,-36.247446,145.704042
YUROKE,3063,114.5,92.59663866,-37.595015,144.856082
